title,container-title,year,issued,author,editor,publisher,volume,issue,page,type,ISSN,eISSN,ISBN,OCLC-number,DOI,URL,language
On the Generic Limits of Eriophyllum (Compositae) and Related Genera,Madroño,1956,1956-07,"Carlquist, S.",,,13,7,226-239,article-journal,0024-9637,1943-6297,,,,www.jstor.org/stable/10.2307/41422881,en
On the Occurrence of Intercellular Pectic Warts in Compositae,American Journal of Botany,1956,1956,"Carlquist, S.",,,43,,425-429,article-journal,0067-1924,1444-9862,,,10.1002/j.1537-2197.1956.tb10512.x,,en
Anatomy of Guayana mutisieae,Memoirs of the New York Botanical Garden,1957,1957-05-23,"Carlquist, S.",,,9,3,441-476,article-journal,0077-8931,2662-2858,,,,https://www.biodiversitylibrary.org/part/247292,en
Leaf Anatomy and Ontogeny in Argyroxiphium and Wilkesia (Compositae),American Journal of Botany,1957,1957,"Carlquist, S.",,,44,,696-705,article-journal,0067-1924,1444-9862,,,10.1002/j.1537-2197.1957.tb08253.x,,en
Systematic Anatomy of Hesperomannia,Pacific Science,1957,1957,"Carlquist, S.",,,11,,207-215,article-journal,0030-8870,1534-6188,,,,,en
The Genus Fitchia (Compositae),University of California Publications in Botany,1957,1957,"Carlquist, S.",,,29,,1-144,article-journal,0068-6395,,,,,,en
Wood Anatomy of Mutisieae (Compositae),Tropical Woods,1957,1957,"Carlquist, S.",,,106,,29-45,article-journal,0097-6857,,,,,,en
Anatomy And Systematic Position of Centaurodendron and Yunquea (Compositae),Brittonia,1958,1958-04-01,"Carlquist, S.",,,10,2,78-93,article-journal,0007-196X,1938-436X,,,10.2307/2804919,www.jstor.org/stable/10.2307/2804919,en
Structure and Ontogeny of Glandular Trichomes of Madinae (Compositae),American Journal of Botany,1958,1958,"Carlquist, S.",,,45,,675-682,article-journal,0067-1924,1444-9862,,,10.1002/j.1537-2197.1958.tb12221.x,,en
The Woods and Flora of the Florida Keys,Tropical Woods,1958,1958,"Carlquist, S.",,,109,,1-37,article-journal,0097-6857,,,,,,en
Wood Anatomy of Heliantheae (Compositae),Tropical Woods,1958,1958,"Carlquist, S.",,,108,,1-30,article-journal,0097-6857,,,,,,en
Glandular Structures of Holocarpha and Their Ontogeny,American Journal of Botany,1959,1959,"Carlquist, S.",,,46,,300-308,article-journal,0067-1924,1444-9862,,,10.1002/j.1537-2197.1959.tb07016.x,,en
"Studies on Madinae: Anatomy, Cytology, and Evolutionary Relationships",Aliso,1959,1959,"Carlquist, S.",,,4,,171-236,article-journal,0065-6275,2327-2929,,,10.5642/aliso.19590402.02,,en
The Leaf of Calycadenia and its Glandular Appendages,American Journal of Botany,1959,1959,"Carlquist, S.",,,46,,70-80,article-journal,0067-1924,1444-9862,,,10.1002/j.1537-2197.1959.tb06985.x,,en
"Vegetative Anatomy of Dubautia argyroxiphium, and Wilkesia (Compositae)",Pacific Science,1959,1959,"Carlquist, S.",,,13,,195-210,article-journal,0030-8870,1534-6188,,,,,en
Wood Anatomy of Helenieae (Compositae),Tropical Woods,1959,1959,"Carlquist, S.",,,111,,19-39,article-journal,0097-6857,,,,,,en
"Anatomy of Guayana xyridaceae: Abolboda, Orectanthe, and Achlyphila",Memoirs of the New York Botanical Garden,1960,1960,"Carlquist, S.",,,10,2,65-117,article-journal,0077-8931,2662-2858,,,,https://www.biodiversitylibrary.org/part/324550,en
Wood Anatomy of Astereae (Compositae),Tropical Woods,1960,1960,"Carlquist, S.",,,113,,54-84,article-journal,0097-6857,,,,,,en
Wood Anatomy of Cichorieae (Compositae),Tropical Woods,1960,1960,"Carlquist, S.",,,112,,65-91,article-journal,0097-6857,,,,,,en
Pollen Morphology of Rapateaceae,Aliso,1961,1961,"Carlquist, S.",,,5,1,39-66,article-journal,0065-6275,2327-2929,,,10.1306/0bda632c-16bd-11d7-8645000102c1865d,,en
Wood Anatomy of Inuleae (Compositae),Aliso,1961,1961,"Carlquist, S.",,,5,,21-37,article-journal,0065-6275,2327-2929,,,10.5642/aliso.19610501.06,,en
Comparative Plant Anatomy,,1961,1961,"Carlquist, S.",,"Holt, Rinehart & Winston",,,,book,,,,327635,,,en
A Theory of Paedomorphosis in Dicotyledonous Woods,Phytomorphology,1962,1962,"Carlquist, S.",,,12,,30-45,article-journal,,,,,,,en
Ontogeny and Comparative Anatomy of Thorns of Hawaiian Lobeliaceae,American Journal of Botany,1962,1962,"Carlquist, S.",,,49,,413-419,article-journal,0067-1924,1444-9862,,,10.1002/j.1537-2197.1962.tb14959.x,,en
Trematolobelia: Seed Dispersal; Anatomy of Fruit and Seeds,Pacific Science,1962,1962,"Carlquist, S.",,,16,,126-134,article-journal,0030-8870,1534-6188,,,,,en
Wood Anatomy of Senecioneae (Compositae),Aliso,1962,1962,"Carlquist, S.",,,5,,123-146,article-journal,0065-6275,2327-2929,,,10.5642/aliso.19620502.03,,en
Studies in Fitchia (Compositae): Novelties From the Society Islands; Anatomical Studies,Pacific Science,1963,1963,"Carlquist, S.; Grant, Martin L.",,,17,,282-298,article-journal,0030-8870,1534-6188,,,,,en
Leaf Anatomy as an Indicator of Salvia Apiana--Mellifera Introgression,Aliso,1964,1964,"Carlquist, S.; Webb, Alice-Ann",,,5,4,437-449,article-journal,0065-6275,2327-2929,,,10.5642/aliso.19640504.04,,en
Morphology and Relationships of Lactoridaceae,Aliso,1964,1964,"Carlquist, S.",,,5,,421-435,article-journal,0065-6275,2327-2929,,,10.5642/aliso.19640504.03,,en
Pollen Morphology and Evolution of Sarcolaenaceae (Chlaenaceae),Brittonia,1964,1964-07-15,"Carlquist, S.",,,16,3,231-254,article-journal,0007-196X,1938-436X,,,10.2307/2805059,www.jstor.org/stable/10.2307/2805059,en
Wood Anatomy of Vernonieae (Compositae),Aliso,1964,1964,"Carlquist, S.",,,5,,451-467,article-journal,0065-6275,2327-2929,,,10.5642/aliso.19640504.05,,en
Wood Anatomy of Cynareae (Compositae),Aliso,1965,1965,"Carlquist, S.",,,6,1,13-24,article-journal,0065-6275,2327-2929,,,10.5642/aliso.19650601.04,,en
Wood Anatomy of Eupatorieae (Compositae),Aliso,1965,1965,"Carlquist, S.",,,6,1,89-103,article-journal,0065-6275,2327-2929,,,10.5642/aliso.19650601.07,,en
Island Life. A Natural History of the Islands of the World,,1965,1965,"Carlquist, S.",,Natural History Press,,,,book,,,,765549,,,en
Anatomy of Rapateaceae. Roots and Stems,Phytomorphology,1966,1966,"Carlquist, S.",,,16,,17-38,article-journal,,,,,,,en
The Biota of Long-Distance Dispersal. I. Principles of Dispersal and Evolution,The Quarterly Review of Biology,1966,1966-09,"Carlquist, S.",,,41,3,247-270,article-journal,0033-5770,1539-7718,,,10.1086/405054,www.jstor.org/stable/10.2307/2819932,en
The Biota of Long-Distance Dispersal. II. Loss of Dispersibility in Pacific Compositae,Evolution,1966,1966,"Carlquist, S.",,,20,,30-48,article-journal,,,,,10.1111/j.1558-5646.1966.tb03341.x,,en
The Biota of Long-Distance Dispersal. III. Loss of Dispersibility in the Hawaiian Flora,Brittonia,1966,1966-10,"Carlquist, S.",,,18,4,310-335,article-journal,0007-196X,1938-436X,,,10.2307/2805148,www.jstor.org/stable/10.2307/2805148,en
The Biota of Long-Distance Dispersal IV. Genetic Systems in the Floras of Oceanic Islands,Evolution,1966,1966,"Carlquist, S.",,,20,,433-455,article-journal,,,,,10.2307/2406583,,en
The Systematics and Anatomy of Gongylocarpus (Onagraceae),American Journal of Botany,1966,1966,"Carlquist, S.; Raven, Peter H.",,,53,,378-390,article-journal,0067-1924,1444-9862,,,10.1002/j.1537-2197.1966.tb07350.x,,en
"Wood Anatomy of Anthemideae, Ambrosieae, Calenduleae, and Arctotideae (Compositae)",Aliso,1966,1966,"Carlquist, S.",,,6,2,1-23,article-journal,0065-6275,2327-2929,,,,,en
"Wood Anatomy of Compositae: A Summary, with Comments on Factors Controlling Wood Evolution",Aliso,1966,1966,"Carlquist, S.",,,6,2,25-44,article-journal,0065-6275,2327-2929,,,,,en
Anatomy and Systematics of Dendroseris (Sensu Lato),Brittonia,1967,1967-04,"Carlquist, S.",,,19,2,99-121,article-journal,0007-196X,1938-436X,,,10.2307/2805268,www.jstor.org/stable/10.2307/2805268,en
The Biota of Long-Distance Dispersal. V. Plant Dispersal to Pacific Islands,Bulletin of the Torrey Botanical Club,1967,1967-05,"Carlquist, S.",,,94,3,129-162,article-journal,0040-9618,2325-8055,,,10.2307/2484044,www.jstor.org/stable/10.2307/2484044,en
A New Species of Scaevola (Goodeniaceae) from Tahiti,Annals of the Missouri Botanical Garden,1969,1969-01,"Carlquist, S.",,,56,3,,article-journal,0026-6493,2162-4372,,,10.2307/2394860,www.jstor.org/stable/10.2307/2394860,en
Morphology and Anatomy,A short history of botany in the United States,1969,1969,"Carlquist, S.","Ewan, J.",Hafner Publishing Company,,,49-57,chapter,,,9780028443607,,,,en
Rapateaceae,Anatomy of the Monocotyledons. III. Commelinales--Zingiberales,1969,1969,"Carlquist, S.","Tomlinson, P. B.",Oxford University Press,,,130-145,chapter,,,9780198543657,,,,en
"Studies in Stylidiaceae: New Taxa, Field Observations, Evolutionary Tendencies",Aliso,1969,1969,"Carlquist, S.",,,7,,13-64,article-journal,0065-6275,2327-2929,,,,,en
Toward Acceptable Evolutionary Interpretations of Floral Anatomy,Phytomorphology,1969,1969,"Carlquist, S.",,,19,,332-362,article-journal,,,,,,,en
Wood Anatomy of Goodeniaceae and the Problem of Insular Woodiness,Annals of the Missouri Botanical Garden,1969,1969-01,"Carlquist, S.",,,56,3,358-390,article-journal,0026-6493,2162-4372,,,10.2307/2394850,www.jstor.org/stable/10.2307/2394850,en
Wood Anatomy of Lobelioideae (Campanulaceae),Biotropica,1969,1969-12,"Carlquist, S.",,,1,2,47-72,article-journal,0006-3606,1744-7429,,,10.2307/2989761,www.jstor.org/stable/10.2307/2989761,en
Wood Anatomy of Echium (Boraginaceae),Aliso,1970,1970,"Carlquist, S.",,,7,,183-199,article-journal,0065-6275,2327-2929,,,10.5642/aliso.19700702.07,,en
"Wood Anatomy of Hawaiian, Macaronesian, and Other Species of Euphorbia",Botanical Journal of the Linnean Society,1970,1970,"Carlquist, S.",,,63,,181-193,article-journal,0024-4074,1095-8339,,,,,en
Wood Anatomy of Insular Species of Plantago and the Problem of Raylessness,Bulletin of the Torrey Botanical Club,1970,1970-11,"Carlquist, S.",,,97,6,353-361,article-journal,0040-9618,2325-8055,,,10.2307/2483855,www.jstor.org/stable/10.2307/2483855,en
Hawaii. A Natural History,,1970,1970,"Carlquist, S.",,Natural History Press,,,,book,,,,99557,,,en
Wood Anatomy of Macaronesian and other Brassicaceae,Aliso,1971,1971,"Carlquist, S.",,,7,,365-384,article-journal,0065-6275,2327-2929,,,10.5642/aliso.19710703.09,,en
Island Biology: We've Only Just Begun,BioScience,1972,1972,"Carlquist, S.",,,22,,221-225,article-journal,,,,,10.2307/1296389,,en
Plant Anatomy's 300th Anniversary,Research trends in Plant Anatomy--K. A. Chowdhury Commemoration Volume,1972,1972,"Carlquist, S.","Ghouse, A. K. M.; Yunus, M.",Tata McGraw-Hill Publishing Company,,,1-6,chapter,,,,658773,,,en
Island Biology,,1974,1974,"Carlquist, S.",,Columbia University Press,,,660,book,,,9780231035620,,,,en
Wood Anatomy and Relationships of Geissolomataceae,Bulletin of the Torrey Botanical Club,1975,1975-05,"Carlquist, S.",,,102,3,128-134,article-journal,0040-9618,2325-8055,,,10.2307/2484734,www.jstor.org/stable/10.2307/2484734,en
Wood Anatomy and Relationships of the Geissolomataceae,Bulletin of the Torrey Botanical Club,1975,1975,"Carlquist, S.",,,102,,128-134,article-journal,0040-9618,2325-8055,,,10.2307/2484734,,en
"Wood Anatomy of Onagraceae, with Notes on Alternative Modes of Photosynthate Movement in Dicotyledon Woods",Annals of the Missouri Botanical Garden,1975,1975-01,"Carlquist, S.",,,62,2,386-424,article-journal,0026-6493,2162-4372,,,10.2307/2395205,www.jstor.org/stable/10.2307/2395205,en
Ecological Strategies of Xylem Evolution,,1975,1975,"Carlquist, S.",,University of California Press,,,,book,,,9780520027305,,,,en
"Alexgeorgea, A Bizarre New Genus of Restionaceae from Western Australia",Australian Journal of Botany,1976,1976,"Carlquist, S.",,,24,,281-295,article-journal,0067-1924,1444-9862,,,10.1071/bt9760281,,en
Leaf Anatomy of Hawaiian geraniums in Relation to Ecology and Taxonomy,Biotropica,1976,1976-12,"Carlquist, S.; Bissing, Donald R.",,,8,4,248-259,article-journal,0006-3606,1744-7429,,,10.2307/2989717,www.jstor.org/stable/10.2307/2989717,en
"New Species Of Stylidium, and Notes on Stylidiaceae from Southwestern Australia",Aliso,1976,1976,"Carlquist, S.",,,8,4,447-463,article-journal,0065-6275,2327-2929,,,10.5642/aliso.19760804.09,http://scholarship.claremont.edu/aliso/vol8/iss4/9/,en
"New Species of Stylidium, and Notes on Stylidiaceae from Western Australia",Aliso,1976,1976,"Carlquist, S.",,,8,,447-463,article-journal,0065-6275,2327-2929,,,10.5642/aliso.19760804.09,,en
Tribal Relationships and Phylogeny of Asteraceae,Aliso,1976,1976,"Carlquist, S.",,,8,,465-492,article-journal,0065-6275,2327-2929,,,,,en
Wood Anatomy of Byblidaceae,Botanical Gazette,1976,1976-03,"Carlquist, S.",,,137,1,35-38,article-journal,0006-8071,1940-1205,,,10.1086/336838,www.jstor.org/stable/10.2307/2473756,en
Wood Anatomy of Myrothamnus flabellifolia (Myrothamnaceae) and the Problem of Multiperforate Perforation Plates,Journal of the Arnold Arboretum,1976,1976-01,"Carlquist, S.",,,57,1,119-126,article-journal,0004-2625,2474-3283,,,10.5962/p.185861,www.jstor.org/stable/10.2307/43794508,en
Wood Anatomy of Roridulaceae: Ecological and Phylogenetic Implications,American Journal of Botany,1976,1976,"Carlquist, S.",,,63,,1003-1008,article-journal,0067-1924,1444-9862,,,10.1002/j.1537-2197.1976.tb13182.x,,en
A Revision of Grubbiaceae,Journal of South African Botany,1977,1977,"Carlquist, S.",,,43,2,115-128,article-journal,0022-4618,,,,,,en
Ecological Factors in Wood Evolution: A Floristic Approach,American Journal of Botany,1977,1977,"Carlquist, S.",,,64,,887-896,article-journal,0067-1924,1444-9862,,,10.1002/j.1537-2197.1977.tb11932.x,,en
Wood Anatomy of Grubbiaceae,Journal of South African Botany,1977,1977,"Carlquist, S.",,,43,,129-144,article-journal,0022-4618,,,,10.5962/p.397099,,en
Wood Anatomy of Onagraceae: Additional Species and Concepts,Annals of the Missouri Botanical Garden,1977,1977-01,"Carlquist, S.",,,64,3,627-637,article-journal,0026-6493,2162-4372,,,10.2307/2395258,www.jstor.org/stable/10.2307/2395258,en
"Wood Anatomy of Penaeaceae (Myrtales): Comparative, Phylogenetic, and Ecological Implications",Botanical Journal of the Linnean Society,1977,1977-10,"Carlquist, S.; DeBuhr, Larry",,,75,,211-227,article-journal,0024-4074,1095-8339,,,10.1111/j.1095-8339.1977.tb01485.x,,en
Wood Anatomy of Tremandraceae: Phylogenetic and Ecological Implications,American Journal of Botany,1977,1977,"Carlquist, S.",,,64,,704-713,article-journal,0067-1924,1444-9862,,,10.1002/j.1537-2197.1977.tb11912.x,,en
"New Species of Stylidium, with Comments on Evolutionary Patterns in Tropical Stylidiaceae",Aliso,1978,1978,"Carlquist, S.",,,9,2,308-322,article-journal,0065-6275,2327-2929,,,10.5642/aliso.19780902.09,,en
Vegetative Anatomy and Systematics of Grubbiaceae,Botaniska Notiser,1978,1978,"Carlquist, S.",,,131,,117-136,article-journal,1650-3767,2002-4118,,,,,en
"Wood Anatomy and Relationships of Bataceae, Gyrostemonaceae, and Stylobasiaceae",Allertonia,1978,1978-02,"Carlquist, S.",,,1,5,297-330,article-journal,0735-8032,2328-1995,,,,www.jstor.org/stable/10.2307/23185865,en
"Wood Anatomy of Bruniaceae: Correlations with Ecology, Phylogeny, and Organography",Aliso,1978,1978,"Carlquist, S.",,,9,,323-364,article-journal,0065-6275,2327-2929,,,10.5642/aliso.19780902.10,,en
"Stylidium in Arnhem Land: New Species, Modes of Speciation on the Sandstone Plateau, and Comments on Floral Mimicry",Aliso,1979,1979,"Carlquist, S.",,,9,,411-461,article-journal,0065-6275,2327-2929,,,10.5642/aliso.19790903.03,,en
Anatomy and Systematics of Balanopaceae,Allertonia,1980,1980-05,"Carlquist, S.",,,2,3,191-246,article-journal,0735-8032,2328-1995,,,,www.jstor.org/stable/10.2307/23186109,en
"Further Concepts in Ecological Wood Anatomy, With Comments on Recent Work in Wood Anatomy and Evolution",Aliso,1980,1980,"Carlquist, S.",,,9,4,499-553,article-journal,0065-6275,2327-2929,,,10.5642/aliso.19800904.02,,en
"Chance Dispersal: Long-Distance Dispersal of Organisms, Widely Accepted as a Major Cause of Distribution Patterns, Poses Challenging Problems of Analysis",American Scientist,1981,1981-09,"Carlquist, S.",,,69,5,509-516,article-journal,0003-0996,1545-2786,,,,www.jstor.org/stable/10.2307/27850607,en
Studies in Stylidiaceae: Monocotyly in the Family; Nomenclatural Change,Aliso,1981,1981,"Carlquist, S.",,,10,,35-38,article-journal,0065-6275,2327-2929,,,10.5642/aliso.19811001.04,,en
Types of Cambial Activity and Wood Anatomy of Stylidium (Stylidiaceae),American Journal of Botany,1981,1981,"Carlquist, S.",,,68,,778-785,article-journal,0067-1924,1444-9862,,,10.1002/j.1537-2197.1981.tb12410.x,,en
Wood Anatomy of Cephalotaceae,IAWA Bulletin,1981,1981,"Carlquist, S.",,,2,,175-178,article-journal,0254-3915,,,,10.1163/22941932-90000727,,en
Wood Anatomy of Chloanthaceae (Dicrastylidaceae),Aliso,1981,1981,"Carlquist, S.",,,10,,19-34,article-journal,0065-6275,2327-2929,,,10.5642/aliso.19811001.03,,en
Wood Anatomy of Nepenthaceae,Bulletin of the Torrey Botanical Club,1981,1981-07,"Carlquist, S.",,,108,3,324-330,article-journal,0040-9618,2325-8055,,,10.2307/2484711,www.jstor.org/stable/10.2307/2484711,en
Wood Anatomy of Pittosporaceae,Allertonia,1981,1981-03,"Carlquist, S.",,,2,7,355-392,article-journal,0735-8032,2328-1995,,,,www.jstor.org/stable/10.2307/23186097,en
Wood Anatomy of Zygogynum (Winteraceae); Field Observations,Adansonia,1981,1981,"Carlquist, S.",,,3,,281-292,article-journal,,,,,,,en
"Exospermum stipitatum (Winteraceae): Observations on Wood, Leaves, Flowers, Pollen, and Fruit",Aliso,1982,1982,"Carlquist, S.",,,10,2,277-289,article-journal,0065-6275,2327-2929,,,10.5642/aliso.19821002.07,,en
The Use of Ethylenediamine in Softening Hard Plant Structures for Paraffin Sectioning,Stain Technology,1982,1982-01,"Carlquist, S.",,,57,,311-317,article-journal,0038-9153,,,,10.3109/10520298209066729,,en
Wood Anatomy of Buxaceae: Correlations with Ecology and Phylogeny,Flora,1982,1982,"Carlquist, S.",,,172,,463-491,article-journal,,,,,10.1016/s0367-2530(17)31357-9,,en
"Wood Anatomy of Daphniphyllaceae: Ecological and Phylogenetic Considerations, Review of Pittosporalean Families",Brittonia,1982,1982-04,"Carlquist, S.",,,34,2,252-266,article-journal,0007-196X,1938-436X,,,10.2307/2806384,www.jstor.org/stable/10.2307/2806384,en
"Wood Anatomy of Darwiniothamnus, Lecocarpus, and Macraea (Asteraceae)",Aliso,1982,1982,"Carlquist, S.; Eckhart, Vincent M.",,,10,,291-300,article-journal,0065-6275,2327-2929,,,10.5642/aliso.19821002.08,,en
Wood Anatomy of Dipsacaceae,Taxon,1982,1982,"Carlquist, S.",,,34,,443-450,article-journal,0040-0262,1996-8175,,,10.2307/1220672,,en
"Wood Anatomy of Illicium (Illiciaceae): Phylogenetic, Ecological, and Functional Interpretations",American Journal of Botany,1982,1982,"Carlquist, S.",,,69,,1587-1598,article-journal,0067-1924,1444-9862,,,10.1002/j.1537-2197.1982.tb13412.x,,en
Wood Anatomy of Onagraceae: Further Species; Root Anatomy; Significance of Vestured Pits and Allied Structures in Dicotyledons,Annals of the Missouri Botanical Garden,1982,1982-01,"Carlquist, S.",,,69,4,755-769,article-journal,0026-6493,2162-4372,,,10.2307/2398995,www.jstor.org/stable/10.2307/2398995,en
Wood and Bark Anatomy of Scalesia (Asteraceae),Aliso,1982,1982,"Carlquist, S.",,,10,,301-312,article-journal,0065-6275,2327-2929,,,10.5642/aliso.19821002.09,,en
Intercontinental Dispersal,Dispersal and distribution. Sonderb. Naturwiss. Verh. Hamburg 7,1983,1983,"Carlquist, S.","Kubitzki, K.",P. Parey,7,,37-47,chapter,,,9783490139962,,,,en
Observations on the Vegetative Anatomy of Crepidiastrum and Dendrocacalia (Asteraceae),Aliso,1983,1983,"Carlquist, S.",,,10,,383-395,article-journal,0065-6275,2327-2929,,,10.5642/aliso.19831003.03,,en
Wood Anatomy of Belliolum (Winteraceae) and a Note on Flowering,Journal of the Arnold Arboretum,1983,1983-01,"Carlquist, S.",,,64,1,161-169,article-journal,0004-2625,2474-3283,,,10.5962/p.185904,www.jstor.org/stable/10.2307/43782569,en
"Wood Anatomy of Bubbia (Winteraceae), with Comments on Origin of Vessels in Dicotyledons",American Journal of Botany,1983,1983,"Carlquist, S.",,,70,,578-590,article-journal,0067-1924,1444-9862,,,10.1002/j.1537-2197.1983.tb07886.x,,en
Wood Anatomy of Calycanthaceae: Ecological and Systematic Implications,Aliso,1983,1983,"Carlquist, S.",,,10,,427-441,article-journal,0065-6275,2327-2929,,,10.5642/aliso.19831003.06,,en
"Wood Anatomy of Calyceraceae and Valerianaceae, with Comments on Aberrant Perforation Plates in Predominantly Herbaceous Groups of Dicotyledons",Aliso,1983,1983,"Carlquist, S.",,,10,,413-425,article-journal,0065-6275,2327-2929,,,10.5642/aliso.19831003.05,,en
Wood Anatomy of Hydrophyllaceae. I. Eriodictyon,Aliso,1983,1983,"Carlquist, S.; Eckhart, Vincent M.; Michener, David C.",,,10,,397-412,article-journal,0065-6275,2327-2929,,,10.5642/aliso.19831003.04,,en
Vessel Grouping in Dicotyledon Wood: Significance and Relationship to Imperforate Tracheary Elements,Aliso,1984,1984,"Carlquist, S.",,,10,,505-525,article-journal,0065-6275,2327-2929,,,10.5642/aliso.19841004.03,,en
Wood Anatomy and Relationships of Pentaphylacaceae: Significance of Vessel Features,Phytomorphology,1984,1984,"Carlquist, S.",,,34,,84-90,article-journal,,,,,,,en
"Wood Anatomy of Hydrophyllaceae. II. Genera Other Than Eriodictyon, with Comments on Parenchyma Bands Containing Vessels with Large Pits",Aliso,1984,1984,"Carlquist, S.; Eckhart, Vincent M.",,,10,,527-546,article-journal,0065-6275,2327-2929,,,10.5642/aliso.19841004.014,,en
"Wood Anatomy of Loasaceae with Relation to Systematics, Habit, and Ecology",Aliso,1984,1984,"Carlquist, S.",,,10,,583-602,article-journal,0065-6275,2327-2929,,,10.5642/aliso.19841004.07,,en
Wood Anatomy of Malesherbiaceae,Phytomorphology,1984,1984,"Carlquist, S.",,,34,,180-190,article-journal,,,,,,,en
Wood Anatomy of Polemoniaceae,Aliso,1984,1984,"Carlquist, S.; Eckhart, Vincent M.; Michener, David C.",,,10,,547-572,article-journal,0065-6275,2327-2929,,,10.5642/aliso.19841004.05,,en
Wood Anatomy of Some Gentianaceae: Systematic and Ecological Conclusions,Aliso,1984,1984,"Carlquist, S.",,,10,,573-582,article-journal,0065-6275,2327-2929,,,10.5642/aliso.19841004.06,,en
Wood Anatomy of Trimeniaceae,Plant Systematics and Evolution,1984,1984-01,"Carlquist, S.",,,144,2,103-118,article-journal,0378-2697,1615-6110,,,,www.jstor.org/stable/10.2307/23669749,en
"Wood and Stem Anatomy of Bergia Suffruticosa: Relationships of Elatinaceae and Broader Significance of Vascular Tracheids, Vasicentric Tracheids, and Fibriform Vessel Elements",Annals of the Missouri Botanical Garden,1984,1984-01,"Carlquist, S.",,,71,1,232-242,article-journal,0026-6493,2162-4372,,,10.2307/2399066,www.jstor.org/stable/10.2307/2399066,en
"Wood and Stem Anatomy of Lardizabalaceae, with Comments on the Vining Habit, Ecology, and Systematics",Botanical Journal of the Linnean Society,1984,1984-06,"Carlquist, S.",,,88,,257-277,article-journal,0024-4074,1095-8339,,,10.1111/j.1095-8339.1984.tb01575.x,,en
A Comparison of the Ecological Wood Anatomy of the Floras of Southern California and Israel,IAWA Bulletin,1985,1985,"Carlquist, S.; Baas, Pieter",,,6,,349-353,article-journal,0254-3915,,,,10.1163/22941932-90000961,,en
Ecological Wood Anatomy of the Woody Southern Californian Flora,IAWA Bulletin,1985,1985,"Carlquist, Sherwin; Hoekman, David A.",,,6,4,319-347,article-journal,0254-3915,,,,10.1163/22941932-90000960,,en
Experimental Studies on Epizoochorous Dispersal in Californian Plants,Aliso,1985,1985,"Carlquist, S.; Pauly, Quinn",,,11,2,167-177,article-journal,0065-6275,2327-2929,,,10.5642/aliso.19851102.06,,en
Familial Position of the Cape Genus Empleuridium,Annals of the Missouri Botanical Garden,1985,1985-01,"Carlquist, S.; Goldblatt, Peter; Tobe, Hiroshi; Patel, Varsha C.",,,72,2,167-183,article-journal,0026-6493,2162-4372,,,10.2307/2399174,www.jstor.org/stable/10.2307/2399174,en
"Observations on Functional Wood Histology of Vines and Lianas: Vessel Dimorphism, Tracheids, Vasicentric Tracheids, Narrow Vessels, and Parenchyma",Aliso,1985,1985,"Carlquist, S.",,,11,,139-157,article-journal,0065-6275,2327-2929,,,10.5642/aliso.19851102.03,,en
"Systematic Anatomy of Oceanopapaver, A Monotypic Genus of the Capparaceae from New Caledonia",Botanical Journal of the Linnean Society,1985,1985,"Carlquist, S.; Schmid, R.; Hufford, L. D.; Webster, G. L.",,,89,,119-152,article-journal,0024-4074,1095-8339,,,,,en
Vasicentric Tracheids as a Drought Survival Mechanism in the Woody Flora of Southern California and Similar Regions; Review of Vasicentric Tracheids,Aliso,1985,1985,"Carlquist, S.",,,11,,37-68,article-journal,0065-6275,2327-2929,,,,,en
Vegetative Anatomy and Familial Placement of Tovaria,Aliso,1985,1985,"Carlquist, S.",,,11,,69-76,article-journal,0065-6275,2327-2929,,,,,en
Wind Dispersal in Californian Desert Plants: Experimental Studies and Conceptual Considerations,Aliso,1985,1985,"Carlquist, S.; Maddox, Jay C.",,,11,,77-96,article-journal,0065-6275,2327-2929,,,10.5642/aliso.19851102.06,,en
Wood Anatomy and Familial Status of Viviania,Aliso,1985,1985,"Carlquist, S.",,,11,,159-165,article-journal,0065-6275,2327-2929,,,10.5642/aliso.19851102.05,,en
"Wood Anatomy of Begoniaceae, with Comments on Raylessness, Paedomorphosis, Relationships, Vessel Diameter, and Ecology",Bulletin of the Torrey Botanical Club,1985,1985-01,"Carlquist, S.",,,112,1,59-69,article-journal,0040-9618,2325-8055,,,10.2307/2996105,www.jstor.org/stable/10.2307/2996105,en
Wood Anatomy of Coriariaceae: Phylogenetic and Ecological Implications,Systematic Botany,1985,1985-04,"Carlquist, S.",,,10,2,174-183,article-journal,0363-6445,1548-2324,,,10.2307/2418343,www.jstor.org/stable/10.2307/2418343,en
"Wood Anatomy of Staphyleaceae: Ecology, Statistical Correlations, and Systematics",Flora,1985,1985,"Carlquist, S.; Hoekman, David A.",,,177,,195-216,article-journal,,,,,10.1016/s0367-2530(17)30166-4,,en
Wood and Stem Anatomy of Misodendraceae: Systematic and Ecological Conclusions,Brittonia,1985,1985-01,"Carlquist, S.",,,37,1,58-75,article-journal,0007-196X,1938-436X,,,10.2307/2806245,www.jstor.org/stable/10.2307/2806245,en
Terminology of Imperforate Tracheary Elements,IAWA Bulletin,1986,1986,"Carlquist, S.",,,7,1,75-81,article-journal,0254-3915,,,,10.1163/22941932-90000445,https://brill.com/view/journals/iawa/7/1/article-p75_17.xml,en
Wood Anatomy of Gesneriaceae,Aliso,1986,1986,"Carlquist, S.; Hoekman, David A.",,,11,,279-297,article-journal,0065-6275,2327-2929,,,10.5642/aliso.19861103.03,,en
Wood Anatomy of Myoporaceae: Ecological and Systematic Considerations,Aliso,1986,1986,"Carlquist, S.; Hoekman, David A.",,,11,,317-334,article-journal,0065-6275,2327-2929,,,10.5642/aliso.19861103.05,,en
Wood Anatomy of Stilbaceae and Retziaceae: Ecological and Systematic Implications,Aliso,1986,1986,"Carlquist, S.",,,11,,299-316,article-journal,0065-6275,2327-2929,,,10.5642/aliso.19861103.04,,en
Diagonal and Tangential Vessel Aggregations in Wood: Function and Relationship to Vasicentric Tracheids,Aliso,1987,1987,"Carlquist, S.",,,11,,451-462,article-journal,0065-6275,2327-2929,,,10.5642/aliso.19871104.04,,en
Pliocene Nothofagus Wood from the Transantarctic Mountains,Aliso,1987,1987,"Carlquist, S.",,,11,,571-583,article-journal,0065-6275,2327-2929,,,10.5642/aliso.19871104.12,,en
Presence of Vessels in Wood of Sarcandra (Chloranthaceae); Comments on Vessel Origins in Angiosperms,American Journal of Botany,1987,1987,"Carlquist, S.",,,74,,1765-1771,article-journal,0067-1924,1444-9862,,,10.1002/j.1537-2197.1987.tb08779.x,,en
Wood Anatomy and Relationships of Stackhousiaceae,"Botanische Jahrbücher fur Systematik, Pflanzengeschichte und Pflanzengeographie",1987,1987,"Carlquist, S.",,,108,,473-480,article-journal,,,,,,,en
Wood Anatomy of Martyniaceae and Pedaliaceae,Aliso,1987,1987,"Carlquist, S.",,,11,,473-483,article-journal,0065-6275,2327-2929,,,10.5642/aliso.19871104.06,,en
Wood Anatomy of Nolanaceae,Aliso,1987,1987,"Carlquist, S.",,,11,,463-471,article-journal,0065-6275,2327-2929,,,10.5642/aliso.19871104.05,,en
Wood Anatomy of Noteworthy Species of Ludwigia (Onagraceae) with Relation to Ecology and Systematics,Annals of the Missouri Botanical Garden,1987,1987-01,"Carlquist, S.",,,74,4,889-896,article-journal,0026-6493,2162-4372,,,10.2307/2399455,www.jstor.org/stable/10.2307/2399455,en
Wood Anatomy of Plakothira (Loasaceae),Aliso,1987,1987,"Carlquist, S.",,,11,,563-569,article-journal,0065-6275,2327-2929,,,10.5642/aliso.19871104.11,,en
"Fuchsia pachyrrhiza (Onagraceae), A Tuberous New Species and Section of Fuchsia from Western Peru",Systematic Botany,1988,1988-10,"Carlquist, S.; Berry, Paul E.; Stein, Bruce A.; Nowicke, Joan",,,13,4,483-492,article-journal,0363-6445,1548-2324,,,10.2307/2419193,www.jstor.org/stable/10.2307/2419193,en
Near-Vessellessness in Ephedra and its Significance,American Journal of Botany,1988,1988,"Carlquist, S.",,,75,,598-601,article-journal,0067-1924,1444-9862,,,10.1002/j.1537-2197.1988.tb13480.x,,en
Tracheid Dimorphism: A New Pathway in Evolution of Imperforate Tracheary Elements,Aliso,1988,1988,"Carlquist, S.",,,12,,103-118,article-journal,0065-6275,2327-2929,,,10.5642/aliso.19881201.12,,en
Wood Anatomy and Relationships of Duckeodendraceae and Goetzeaceae,IAWA Bulletin,1988,1988,"Carlquist, S.",,,9,,3-12,article-journal,0254-3915,,,,10.1163/22941932-90000460,,en
Wood Anatomy of Acanthaceae: A Survey,Aliso,1988,1988,"Carlquist, S.; Zona, Scott",,,12,,201-227,article-journal,0065-6275,2327-2929,,,10.5642/aliso.19881201.15,,en
"Wood Anatomy of Cneoraceae: Ecology, Relationships, and Generic Definition",Aliso,1988,1988,"Carlquist, S.",,,12,,7-16,article-journal,0065-6275,2327-2929,,,10.5642/aliso.19881201.03,,en
Wood Anatomy of Drimys S.S. (Winteraceae),Aliso,1988,1988,"Carlquist, S.",,,12,,81-95,article-journal,0065-6275,2327-2929,,,10.5642/aliso.19881201.10,,en
"Wood Anatomy of Papaveraceae, with Comments on Vessel Restriction Patterns",IAWA Bulletin,1988,1988,"Carlquist, S.; Zona, Scott",,,9,,253-267,article-journal,0254-3915,,,,10.1163/22941932-90001073,,en
Wood Anatomy of Scytopetalaceae,Aliso,1988,1988,"Carlquist, S.",,,12,,63-76,article-journal,0065-6275,2327-2929,,,10.5642/aliso.19881201.08,,en
Comparative Wood Anatomy,,1988,1988,"Carlquist, S.",,Springer Verlag,,,,book,,,9780387188270,,,,en
Adaptive Wood Anatomy of Chaparral Shrubs,Natural History Museum of Los Angeles County Science Series,1989,1989,"Carlquist, S.",,,34,,25-35,article-journal,,,,,,,en
Balanopaceae,Flora of Australia. Vol. 3. Hamamelidales to Casuarinales,1989,1989,"Carlquist, S.","George, A. S.",Australian Government Publishing Service,,,93-95,chapter,,,9780644084994,,,,en
Two New Species of Stylidium from Western Australia,Phytologia,1989,1989,"Carlquist, S.; Lowrie, Allen",,,67,,368-376,article-journal,0031-9430,2377-7583,,,,,en
Wood Anatomy and Relationships of Montinia,Aliso,1989,1989,"Carlquist, S.",,,12,,369-378,article-journal,0065-6275,2327-2929,,,10.5642/aliso.19891202.12,,en
"Wood Anatomy of Cercidium (Fabaceae), with Emphasis on Vessel Wall Sculpture",Aliso,1989,1989,"Carlquist, S.",,,12,,235-255,article-journal,0065-6275,2327-2929,,,10.5642/aliso.19891202.02,,en
Wood Anatomy of Tasmannia; Summary of Wood Anatomy of Winteraceae,Aliso,1989,1989,"Carlquist, S.",,,12,,257-275,article-journal,0065-6275,2327-2929,,,10.5642/aliso.19891202.03,,en
Wood and Bark Anatomy of Degeneria,Aliso,1989,1989,"Carlquist, S.",,,12,,485-495,article-journal,0065-6275,2327-2929,,,10.5642/aliso.19891203.05,,en
Wood and Bark Anatomy of Empetraceae; Comments on Paedomorphosis in Woods of Certain Small Shrubs,Aliso,1989,1989,"Carlquist, S.",,,12,,497-515,article-journal,0065-6275,2327-2929,,,10.5642/aliso.19891203.06,,en
Wood and Bark Anatomy of the New World Species of Ephedra,Aliso,1989,1989,"Carlquist, S.",,,12,,441-483,article-journal,0065-6275,2327-2929,,,10.5642/aliso.19891203.04,,en
A New Species of Tuberous drosera from Western Australia,Phytologia,1990,1990,"Carlquist, S.; Lowrie, Allen",,,69,,160-162,article-journal,0031-9430,2377-7583,,,,,en
Leaf Anatomy of Geissolomataceae and Myrothamnaceae as a Possible Indicator of Relationship to Bruniaceae,Bulletin of the Torrey Botanical Club,1990,1990-10,"Carlquist, S.",,,117,4,420-428,article-journal,0040-9618,2325-8055,,,10.2307/2996839,www.jstor.org/stable/10.2307/2996839,en
Wood Anatomy and Relationships of Lactoridaceae,American Journal of Botany,1990,1990,"Carlquist, S.",,,77,,1498-1505,article-journal,0067-1924,1444-9862,,,10.1002/j.1537-2197.1990.tb12561.x,,en
Wood Anatomy of Ascarina (Chloranthaceae) and the Tracheid-Vessel Element Transition,Aliso,1990,1990,"Carlquist, S.",,,12,4,667-684,article-journal,0065-6275,2327-2929,,,10.5642/aliso.19901204.03,https://scholarship.claremont.edu/aliso/vol12/iss4/3,en
Worst Case Scenarios For Island Conservation: The Endemic Biota of Hawaii,"Ecological Restoration of New Zealand Islands: Papers presented at a Conference on Ecological Restoration of New Zealand Islands, University of Auckland",1990,1990,"Carlquist, S.","Towns, D. R.; Daugherty, C. H.; Atkinson, I. A. E.",Dept. of Conservation,,,207-212,chapter,,,9780478012040,,,https://ref.coastalrestorationtrust.org.nz/site/assets/files/9387/ecologicalrestorationnzislands.pdf#page=213,en
Anatomy of Vine and Liana Stems: A Review and Synthesis,The Biology of Vines,1991,1991,"Carlquist, S.","Putz, F. E.; Mooney, H. A.",Cambridge University Press,,,53-71,chapter,,,9780521392501,,10.1017/CBO9780511897658.004,,en
"Leaf Anatomy of Bruniaceae: Ecological, Systematic, and Physiological Aspects",Botanical Journal of the Linnean Society,1991,1991-09,"Carlquist, S.",,,107,1,1-34,article-journal,0024-4074,1095-8339,,,10.1111/j.1095-8339.1991.tb00212.x,,en
Studies in Stylidium from Western Australia: New Taxa; Rediscoveries and Range Extensions,Phytologia,1991,1991,"Carlquist, S.; Lowrie, Allen",,,71,,5-28,article-journal,0031-9430,2377-7583,,,,,en
Wood and Bark Anatomy of Ticodendron: Comments on Relationships,Annals of the Missouri Botanical Garden,1991,1991-01,"Carlquist, S.",,,78,1,96-104,article-journal,0026-6493,2162-4372,,,10.2307/2399595,www.jstor.org/stable/10.2307/2399595,en
Wood and Stem Anatomy of Convolvulaceae. A Survey,Aliso,1991,1991,"Carlquist, S.; Hanson, Michael A.",,,13,,51-94,article-journal,0065-6275,2327-2929,,,10.5642/aliso.19911301.03,,en
Eight New Taxa of Drosera from Australia,Phytologia,1992,1992,"Carlquist, S.; Lowrie, Allen",,,73,,98-116,article-journal,0031-9430,2377-7583,,,,,en
Nonglandular Trichomes of Californian and Hawaiian Tarweeds: Surface Ultrastructure and its Significance,Aliso,1992,1992,"Carlquist, S.; MacLachlan, Andrew A.",,,13,,487-498,article-journal,0065-6275,2327-2929,,,10.5642/aliso.19921303.08,,en
Pit Membrane Remnants in Perforation Plates of Primitive Dicotyledons and Their Significance,American Journal of Botany,1992,1992,"Carlquist, S.",,,79,,660-672,article-journal,0067-1924,1444-9862,,,10.1002/j.1537-2197.1992.tb14608.x,,en
Vegetative Anatomy and Relationships of Eupomatiaceae,Bulletin of the Torrey Botanical Club,1992,1992-04,"Carlquist, S.",,,119,2,167-180,article-journal,0040-9618,2325-8055,,,10.2307/2997029,www.jstor.org/stable/10.2307/2997029,en
"Wood, Bark, and Pith Anatomy of the Old World Species of Ephedra; Summary of Wood Anatomy of Ephedra",Aliso,1992,1992,"Carlquist, S.",,,13,,255-295,article-journal,0065-6275,2327-2929,,,10.5642/aliso.19921302.02,,en
"Wood Anatomy and Stem of Chloranthus; Summary of Wood Anatomy of Chloranthaceae, With Comments on Relationships, Vessellessness, and the Origin of Monocotyledons",IAWA Bulletin,1992,1992,"Carlquist, S.",,,13,,3-36,article-journal,0254-3915,,,,10.1163/22941932-90000556,,en
Wood Anatomy of Hedyosmum (Chloranthaceae) and the Tracheid-Vessel Element Transition,Aliso,1992,1992,"Carlquist, S.",,,13,3,447-462,article-journal,0065-6275,2327-2929,,,10.5642/aliso.19921303.04,https://scholarship.claremont.edu/aliso/vol13/iss3/4/,en
"Wood Anatomy of Lamiaceae a Survey, with Comments on Vascular and Vasicentric Tracheids",Aliso,1992,1992,"Carlquist, S.",,,13,,309-338,article-journal,0065-6275,2327-2929,,,10.5642/aliso.19921302.04,,en
Wood Anatomy of Selected Cucurbitaceae and its Relationship to Habit and Systematics,Nordic Journal of Botany,1992,1992-07,"Carlquist, S.",,,12,,347-355,article-journal,,1756-1051,,,10.1111/j.1756-1051.1992.tb01312.x,,en
Wood Anatomy of Solanaceae. A Survey,Allertonia,1992,1992-04,"Carlquist, S.",,,6,4,279-326,article-journal,0735-8032,2328-1995,,,,www.jstor.org/stable/10.2307/23186092,en
"Wood Anatomy of Sympetalous Dicotyledon Families: A Summary, with Comments on Systematic Relationships and Evolution of the Woody Habit",Annals of the Missouri Botanical Garden,1992,1992-01,"Carlquist, S.",,,79,2,303-332,article-journal,0026-6493,2162-4372,,,10.2307/2399771,www.jstor.org/stable/10.2307/2399771,en
Wood Anatomy of Sabiaceae (S. L.): Ecological and Systematic Implications,Aliso,1993,1993,"Carlquist, S.; Morrell, Peter L.; Manchester, Steven R.",,,13,,521-549,article-journal,0065-6275,2327-2929,,,,,en
Wood and Bark Anatomy of Aristolochiaceae: Systematic and Habital Correlations,IAWA Journal,1993,1993,"Carlquist, S.",,,14,,341-357,article-journal,0928-1541,2294-1932,,,10.1163/22941932-90000588,,en
Anatomy of Tropical Alpine Plants,Tropical alpine environments,1994,1994,"Carlquist, S.","Rundel, Philip W.; Smith, Alan P.; Meinzer, F. C.",Cambridge University Press,,,111-128,chapter,,,9780521420891,,10.1017/cbo9780511551475.007,,en
Wood and Bark Anatomy of Argemone (Papaveraceae),IAWA Journal,1994,1994,"Carlquist, S.; Schneider, Edward L.; Miller, Regis B.",,,15,,247-255,article-journal,0928-1541,2294-1932,,,10.1163/22941932-90000603,,en
Wood and Bark Anatomy of Gnetum Gnemon,Botanical Journal of the Linnean Society,1994,1994,"Carlquist, S.",,,116,,203-221,article-journal,0024-4074,1095-8339,,,10.1006/bojl.1994.1060,,en
Comparative Wood Anatomy: New Directions and Opportunities,The cambium and its products. Handbuch der Pflanzenanatomie Spezieller Teil IX(4),1995,1995,"Carlquist, S.","Iqbal, M.",Gebrüder Borntraeger,,,173-185,chapter,,,9783443140212,,,,en
Introduction,Hawaiian biogeography: evolution on a hot-spot archipelago,1995,1995,"Carlquist, S.","Wagner, Warren L.; Funk, Vicki A.",Smithsonian Institution Press,,,1-13,chapter,,,9781560984627,,,,en
Secondary Growth and Wood Histology of Welwitschia,Botanical Journal of the Linnean Society,1995,1995,"Carlquist, S.; Gowans, David A.",,,118,,107-121,article-journal,0024-4074,1095-8339,,,10.1111/j.1095-8339.1995.tb00464.x,,en
Vernon Irvine Cheadle 1910-1995,Madroño,1995,1995,"Schneider, Edward L; Carlquist, Sherwin John",,,42,,520-521,article-journal,0024-9637,1943-6297,,,,,en
Vessel Origins in Nymphaeaceae: Euryale and Victoria,Botanical Journal of the Linnean Society,1995,1995,"Carlquist, S.; Schneider, Edward L.",,,119,,185-193,article-journal,0024-4074,1095-8339,,,10.1111/j.1095-8339.1995.tb00734.x,,en
"Vessels in Nymphaeaceae: Nuphar, Nymphaea, and Ondinea",International Journal of Plant Sciences,1995,1995-11,"Carlquist, S.; Edward L. Schneider, Kelley Beamer,; Kohn, Alison",,,156,6,857-862,article-journal,1058-5893,1537-5315,,,10.1086/297310,www.jstor.org/stable/10.2307/2475118,en
Vessels in the Roots of Barclaya rotundifolia (Nymphaeaceae),American Journal of Botany,1995,1995,"Carlquist, S.; Schneider, Edward L.",,,82,,1343-1349,article-journal,0067-1924,1444-9862,,,10.1002/j.1537-2197.1995.tb12670.x,,en
Wood Anatomy of Berberidaceae: Ecological and Phylogenetic Considerations,Aliso,1995,1995,"Carlquist, S.",,,14,,85-103,article-journal,0065-6275,2327-2929,,,10.5642/aliso.19951402.03,,en
"Wood Anatomy of Caryophyllaceae: Ecological, Habital, Systematic, and Phylogenetic Implications",Aliso,1995,1995,"Carlquist, S.",,,14,,1-17,article-journal,0065-6275,2327-2929,,,10.5642/aliso.19951401.02,,en
Wood Anatomy of Drosophyllum (Droseraceae): Ecological and Phylogenetic Considerations,Bulletin of the Torrey Botanical Club,1995,1995-07,"Carlquist, S.; Wilson, Erika J.",,,122,3,185-189,article-journal,0040-9618,2325-8055,,,10.2307/2996082,www.jstor.org/stable/10.2307/2996082,en
Wood Anatomy of Ranunculiflorae,Plant Systematics and Evolution,1995,1995,"Carlquist, S.",,,9,,11-24,article-journal,0378-2697,1615-6110,,,10.1007/978-3-7091-6612-3_2,,en
Wood and Bark Anatomy of Ranunculaceae (Including Hydrastis) and Glaucidiaceae,Aliso,1995,1995,"Carlquist, S.",,,14,,65-84,article-journal,0065-6275,2327-2929,,,10.5642/aliso.19951402.02,,en
Wood and Bark Anatomy of the African Species of Gnetum,Botanical Journal of the Linnean Society,1995,1995-06,"Carlquist, S.; Robinson, Alexander A.",,,118,,123-137,article-journal,0024-4074,1095-8339,,,10.1111/j.1095-8339.1995.tb00465.x,,en
"Wood and Stem Anatomy of Saururaceae with Reference to Ecology, Phylogeny, and Origin of the Monocotyledons",IAWA Journal,1995,1995,"Carlquist, S.; Dauer, Karen; Nishimura, Stefanie",,,16,,133-150,article-journal,0928-1541,2294-1932,,,10.1163/22941932-90001400,,en
Conductive Tissue in Ceratophyllum demersum (Ceratophyllaceae),Sida,1996,1996-12,"Carlquist, S.; Schneider, Edward L.",,,17,2,437-443,article-journal,0036-1488,2334-3273,,,,www.jstor.org/stable/10.2307/41967227,en
"Materials for Anatomical and Ultrastructural Studies: Pollen, Wood, and Pickled Materials",Sampling the green world,1996,1996,"Carlquist, S.","Stuessy, Tod F.; Sohmer, S. H.",Columbia University Press,,,143-156,chapter,,,9780231101363,,,,en
Plant Dispersal and the Origin of Pacific Island Floras,"The Origin and Evolution of Pacific Island Biotas, New Guinea to Eastern Polynesia: Patterns and Processes",1996,1996,"Carlquist, S.","Keast, Allen; Miller, Scott E.",SPB Academic Pub.,,,153-164,chapter,,,9789051031362,,,,en
Vessel Origin in Cabomba,Nordic Journal of Botany,1996,1996,"Carlquist, S.; Schneider, Edward L.",,,16,,637-642,article-journal,,1756-1051,,,10.1111/j.1756-1051.1996.tb00281.x,,en
Vessels in Brasenia (Cabombaceae): New Perspectives on Vessel Origin in Primary Xylem of Angiosperms,American Journal of Botany,1996,1996,"Carlquist, S.; Schneider, Edward L.",,,83,,1236-1240,article-journal,0067-1924,1444-9862,,,10.1002/j.1537-2197.1996.tb13904.x,,en
Vessels in Nelumbo (Nelumbonaceae),American Journal of Botany,1996,1996,"Carlquist, S.; Schneider, Edward L.",,,83,,1101-1106,article-journal,0067-1924,1444-9862,,,10.1002/j.1537-2197.1996.tb13889.x,,en
"Wood, Bark, and Stem Anatomy of Gnetales: A Summary",International Journal of Plant Sciences,1996,1996-11,"Carlquist, S.",,,157,6,S58-S76,article-journal,1058-5893,1537-5315,,,10.1086/297404,www.jstor.org/stable/10.2307/2475209,en
"Wood, Bark and Stem Anatomy of New World Species of Gnetum",Botanical Journal of the Linnean Society,1996,1996,"Carlquist, S.",,,120,,1-19,article-journal,0024-4074,1095-8339,,,10.1111/j.1095-8339.1996.tb00476.x,,en
Wood Anatomy of Akaniaceae and Bretschneideraceae: A Case of Near-Identity and its Systematic Implications,Systematic Botany,1996,1996-10,"Carlquist, S.",,,21,4,607-616,article-journal,0363-6445,1548-2324,,,10.2307/2419618,www.jstor.org/stable/10.2307/2419618,en
Wood Anatomy of Limnanthaceae and Tropaeolaceae in Relation to Habit and Phylogeny,Sida,1996,1996-12,"Carlquist, S.; Donald, Christopher John",,,17,2,333-342,article-journal,0036-1488,2334-3273,,,,www.jstor.org/stable/10.2307/41967214,en
Wood Anatomy of Plumbaginaceae,Bulletin of the Torrey Botanical Club,1996,1996-04,"Carlquist, S.; Boggs, Colby J.",,,123,2,135-147,article-journal,0040-9618,2325-8055,,,10.2307/2996071,www.jstor.org/stable/10.2307/2996071,en
Wood Anatomy of Primitive Angiosperms: New Perspectives and Syntheses,"Flowering Plant Origin, Evolution & Phylogeny",1996,1996,"Carlquist, S.","Taylor, D. W.; Hickey, L. J.",Chapman & Hall,,,68-90,chapter,,,9780585230955,,10.1007/978-0-585-23095-5_4,,en
Wood and Bark Anatomy of Lianoid Indomalesian and Asiatic Species of Gnetum,Botanical Journal of the Linnean Society,1996,1996,"Carlquist, S.",,,121,,1-24,article-journal,0024-4074,1095-8339,,,10.1111/j.1095-8339.1996.tb00742.x,,en
Wood and Stem Anatomy of Menispermaceae,Aliso,1996,1996,"Carlquist, S.",,,14,,155-170,article-journal,0065-6275,2327-2929,,,,,en
Origins and Nature of Vessels in Monocotyledons. 1. Acorus,International Journal of Plant Sciences,1997,1997-01,"Carlquist, S.; Schneider, Edward L.",,,158,1,51-56,article-journal,1058-5893,1537-5315,,,10.1086/297413,www.jstor.org/stable/10.2307/2475129,en
Origins and Nature of Vessels in Monocotyledons 2. Juncaginaceae and Scheuchzeriaceae,Nordic Journal of Botany,1997,1997,"Carlquist, S.; Schneider, Edward L.",,,17,,397-401,article-journal,,1756-1051,,,10.1111/j.1756-1051.1997.tb00335.x,,en
Pentaphragma: A Unique Wood and Its Significance,IAWA Journal,1997,1997,"Carlquist, S.",,,18,,3-12,article-journal,0928-1541,2294-1932,,,10.1163/22941932-90001453,,en
SEM Studies on Vessels in Ferns. 1. Woodsia obtusa,American Fern Journal,1997,1997-01,"Carlquist, S.; Schneider, Edward L.; Yatskievych, George",,,87,1,1-8,article-journal,0002-8444,1938-422X,,,10.2307/1547241,www.jstor.org/stable/10.2307/1547241,en
SEM Studies on Vessels in Ferns. 2. Pteridium,American Journal of Botany,1997,1997-05,"Carlquist, S.; Schneider, Edward L.",,,84,,581-587,article-journal,0067-1924,1444-9862,,,10.2307/2445893,,en
SEM Studies on Vessels in Ferns. 3. Phlebodium and Polystichum,International Journal of Plant Sciences,1997,1997-05,"Carlquist, S.; Schneider, Edward L.",,,158,3,343-349,article-journal,1058-5893,1537-5315,,,10.1086/297446,www.jstor.org/stable/10.2307/2475284,en
SEM Studies on Vessels in Ferns. 4. Astrolepis,American Fern Journal,1997,1997-04,"Carlquist, S.; Schneider, Edward L.",,,87,2,43-50,article-journal,0002-8444,1938-422X,,,10.2307/1547535,www.jstor.org/stable/10.2307/1547535,en
Shifting Paradigms in Island Biology,Aliso,1997,1997,"Carlquist, S.",,,16,,85-88,article-journal,0065-6275,2327-2929,,,10.5642/aliso.19971602.03,,en
Wood Anatomy of Argyroxiphium (Asteraceae): Adaptive Radiation and Ecological Correlations,Journal of the Torrey Botanical Society,1997,1997-01,"Carlquist, S.",,,124,1,1-10,article-journal,1095-5674,1940-0616,,,10.2307/2996593,www.jstor.org/stable/10.2307/2996593,en
Wood Anatomy of Buddlejaceae,Aliso,1997,1996,"Carlquist, S.",,,15,,41-56,article-journal,0065-6275,2327-2929,,,,,en
"Wood Anatomy of Portulacaceae and Hectorellaceae: Ecological, Habital, and Systematic Implications",Aliso,1997,1997,"Carlquist, S.",,,16,,127-153,article-journal,0065-6275,2327-2929,,,10.5642/aliso.19971602.09,,en
Wood Anatomy of Resedaceae,Aliso,1997,1997,"Carlquist, S.",,,16,,127-135,article-journal,0065-6275,2327-2929,,,10.5642/aliso.19971602.08,,en
"Origins and Nature of Vessels in Monocotyledons 3. Lowiaceae, with Comments on Rhizome Anatomy",Blumea,1998,1998,"Carlquist, S.; Schneider, Edward L.",,,43,,219-224,article-journal,0006-5196,2212-1676,,,,,en
Origin and Nature of Vessels in Monocotyledons. 4. Araceae Subfamily Philodendroideae,Journal of the Torrey Botanical Society,1998,1998-10,"Carlquist, S.; Schneider, Edward L.",,,125,4,253-260,article-journal,1095-5674,1940-0616,,,10.2307/2997239,www.jstor.org/stable/10.2307/2997239,en
Origins and Nature of Vessels in Monocotyledons 5. Araceae Subfamily Colocasioideae,Botanical Journal of the Linnean Society,1998,1998,"Carlquist, S.; Schneider, Edward L.",,,128,,71-96,article-journal,0024-4074,1095-8339,,,10.1006/bojl.1998.0181,,en
SEM Studies on Vessels in Ferns. 5. Woodsia scopulina,American Fern Journal,1998,1998-01,"Carlquist, S.; Schneider, Edward L.",,,88,1,17-23,article-journal,0002-8444,1938-422X,,,10.2307/1547310,www.jstor.org/stable/10.2307/1547310,en
"SEM Studies on Vessels in Ferns. 6. Woodsia ilvensis, With Comments on Vessel Origin in Ferns",Flora,1998,1998-04,"Carlquist, S.; Schneider, Edward L.",,,193,,179-185,article-journal,,,,,10.1016/s0367-2530(17)30836-8,,en
SEM Studies on Vessels in Ferns. 7. Microgramma nitida,Anales del Instituto de Biológia de la Universidad Nacional Autónoma de México. Série botánica.,1998,1998,"Carlquist, S.; Schneider, Edward L.",,,69,,1-7,article-journal,,,,,,,en
SEM Studies on Vessels of Ferns. 9. Dicranopteris (Gleicheniaceae) and Vessel Patterns in Leptosporangiate Ferns,American Journal of Botany,1998,1998,"Carlquist, S.; Schneider, Edward L.",,,85,,1028-1932,article-journal,0067-1924,1444-9862,,,10.2307/2446370,,en
SEM Studies on Vessels in Ferns. 10. Selected Osmundaceae and Schizaeaceae,International Journal of Plant Sciences,1998,1998-09,"Carlquist, S.; Schneider, Edward L.",,,159,5,788-797,article-journal,1058-5893,1537-5315,,,10.1086/297598,www.jstor.org/stable/10.2307/2475149,en
"Wood Anatomy of Calyceraceae with Reference to Ecology, Habit,and Systematic Relationships",Aliso,1998,1998,"Carlquist, S.; DeVore, Melanie L.",,,17,,63-76,article-journal,0065-6275,2327-2929,,,10.5642/aliso.19981701.06,,en
"Wood Anatomy of Caricaceae, with References to Systematics and Habit",IAWA Journal,1998,1998,"Carlquist, S.",,,19,,191-206,article-journal,0928-1541,2294-1932,,,10.1163/22941932-90001522,,en
Wood Anatomy of Dubautia (Asteraceae: Madiinae) in Relation to Adaptive Radiation,Pacific Science,1998,1998,"Carlquist, S.",,,52,,356-368,article-journal,0030-8870,1534-6188,,,,,en
"Wood Anatomy of Wilkesia (Asteraceae) with Relation to Systematics, Organography, and Habit",Journal of the Torrey Botanical Society,1998,1998-10,"Carlquist, S.",,,125,4,261-267,article-journal,1095-5674,1940-0616,,,10.2307/2997240,www.jstor.org/stable/10.2307/2997240,en
Wood and Stem Anatomy of Petiveria and Rivina (Caryophyllales); Systematic Implications,IAWA Journal,1998,1998,"Carlquist, S.",,,19,,383-391,article-journal,0928-1541,2294-1932,,,10.1163/22941932-90000659,,en
Reproductive Anatomy and Relationships of Setchellanthus caeruleus (Setchellanthaceae),Taxon,1999,1999-05,"Carlquist, S.; Tobe, Hiroshi; Iltis, Hugh",,,48,2,277-283,article-journal,0040-0262,1996-8175,,,10.2307/1224432,,en
SEM Studies on Vessels in Ferns. 8. Platyzoma,Australian Journal of Botany,1999,1999,"Carlquist, S.; Schneider, Edward L.; Kenneally, Kevin F.",,,47,,277-282,article-journal,0067-1924,1444-9862,,,10.1071/bt97120,,en
SEM Studies on Vessels in Ferns. 11. Ophioglossum,Botanical Journal of the Linnean Society,1999,1999,"Carlquist, S.; Schneider, Edward L.",,,129,,105-114,article-journal,0024-4074,1095-8339,,,10.1111/j.1095-8339.1999.tb00494.x,,en
"SEM Studies on Vessels in Ferns. 12. Marattiaceae, With Comments on Vessel Patterns in Eusporangiate Ferns",American Journal of Botany,1999,1999,"Carlquist, S.; Schneider, Edward L.",,,86,,457-464,article-journal,0067-1924,1444-9862,,,10.2307/2656805,,en
SEM Studies on Vessels in Ferns. 13. Nephrolepis,American Fern Journal,1999,1999-04,"Carlquist, S.; Schneider, Edward L.",,,89,2,171-177,article-journal,0002-8444,1938-422X,,,10.2307/1547351,www.jstor.org/stable/10.2307/1547351,en
"SEM Studies on Vessels in Ferns. 15. Selected Rosette Epiphytes (Aspleniaceae, Elaphoglossaceae, Vittariaceae)",International Journal of Plant Sciences,1999,1999-09,"Carlquist, S.; Schneider, Edward L.",,,160,5,1013-1020,article-journal,1058-5893,1537-5315,,,10.1086/314184,www.jstor.org/stable/10.1086/314184,en
Vegetative Anatomy and Relationships of Setchellanthus caeruleus (Setchellanthaceae),Taxon,1999,1999,"Carlquist, S.; Miller, Regis B.",,,48,,289-302,article-journal,0040-0262,1996-8175,,,10.2307/1224434,https://research.fs.usda.gov/treesearch/5680,en
"Wood, Stem, and Root Anatomy of Basellaceae with Relation to Habit, Systematics, and Cambial Variants",Flora,1999,1999-01,"Carlquist, S.",,,194,,1-12,article-journal,,,,,10.1016/s0367-2530(17)30874-5,,en
Wood Anatomy of Agdestis (Caryophyllales): Systematic Position and Nature of the Successive Cambia,Aliso,1999,1999,"Carlquist, S.",,,18,,35-43,article-journal,0065-6275,2327-2929,,,10.5642/aliso.19991801.13,,en
"Wood and Bark Anatomy of Schisandraceae: Implications for Phylogeny, Habit, and Vessel Evolution",Aliso,1999,1999,"Carlquist, S.",,,19,,45-55,article-journal,0065-6275,2327-2929,,,10.5642/aliso.19991801.14,,en
Wood and Stem Anatomy of Stegnosperma (Caryophyllales); Phylogenetic Relationships; Nature of Lateral Meristems and Successive Cambial Activity,IAWA Journal,1999,1999,"Carlquist, S.",,,20,,149-163,article-journal,0928-1541,2294-1932,,,10.1163/22941932-90000674,,en
"Wood Anatomy, Stem Anatomy, and Cambial Activity of Barbeuia (Caryophyllales)",IAWA Journal,1999,1999,"Carlquist, S.",,,20,4,431-440,article-journal,0928-1541,2294-1932,,,10.1163/22941932-90001569,,en
Floral Development of Nelumbo nucifera (Nelumbonaceae),International Journal of Plant Sciences,2000,2000-11,"Carlquist, S.; Hayes, Virginia; Schneider, Edward L.",,,161,S6,183-191,article-journal,1058-5893,1537-5315,,,10.1086/317577,www.jstor.org/stable/10.1086/317577,en
SEM Studies on the Vessels of Heterophyllous Species of Selaginella,Journal of the Torrey Botanical Society,2000,2000-10,"Carlquist, S.; Schneider, Edward L.",,,127,4,263-270,article-journal,1095-5674,1940-0616,,,10.2307/3088644,www.jstor.org/stable/10.2307/3088644,en
"SEM Studies on Vessels in Ferns. 14. Ceratopteris, and the Significance of Widespread Vessel Occurrence in Ferns",Aquatic Botany,2000,2000,"Carlquist, S.; Schneider, Edward L.",,,66,,1-8,article-journal,0304-3770,1879-1522,,,10.1016/s0304-3770(99)00023-6,,en
"SEM Studies on Vessels in Ferns. 16. Pacific Tree Ferns (Blechnaceae, Cyatheaceae, Dicksoniaceae)",Pacific Science,2000,2000,"Carlquist, S.; Schneider, Edward L.",,,54,,75-86,article-journal,0030-8870,1534-6188,,,,http://hdl.handle.net/10125/1602,en
SEM Studies on Vessels in Ferns. 17. Psilotaceae,American Journal of Botany,2000,2000,"Carlquist, S.; Schneider, E. L.",,,87,,76-181,article-journal,0067-1924,1444-9862,,,10.2307/2656903,,en
SEM Studies on Vessels in Ferns. 18. Montane Cheilanthoid Ferns (Pteridaceae) of North America,Aliso,2000,2000,"Carlquist, S.; Schneider, E. L.",,,,,31-39,article-journal,0065-6275,2327-2929,,,10.5642/aliso.20001901.04,,en
SEM Studies on Vessels in Ferns. 19. Marsilea,American Fern Journal,2000,2000-01,"Carlquist, S.; Schneider, E. L.",,,90,1,32-41,article-journal,0002-8444,1938-422X,,,10.2307/1547260,www.jstor.org/stable/10.2307/1547260,en
SEM Studies on Vessels in Ferns. 20. Hawaiian hymenophyllaceae,Pacific Science,2000,2000,"Carlquist, S.; Schneider, E. L.; Lamoureux, Charles H.",,,54,,365-375,article-journal,0030-8870,1534-6188,,,10.1016/s0304-3770(99)00023-6,,en
Wood and Bark Anatomy of Achatocarpaceae,Sida,2000,2000-09,"Carlquist, S.",,,19,1,71-78,article-journal,0036-1488,2334-3273,,,,www.jstor.org/stable/10.2307/41967752,en
Wood and Bark Anatomy of Takhtajania (Winteraceae); Phylogenetic and Ecological Implications,Annals of the Missouri Botanical Garden,2000,2000-07,"Carlquist, S.",,,87,3,317-322,article-journal,0026-6493,2162-4372,,,10.2307/2666191,www.jstor.org/stable/10.2307/2666191,en
"Wood and Stem Anatomy of Phytolaccoid and Rivinoid Phytolaccaceae (Caryophyllales): Ecology, Systematics, Nature of Successive Cambia",Aliso,2000,2000,"Carlquist, S.",,,19,,13-29,article-journal,0065-6275,2327-2929,,,10.5642/aliso.20001901.03,,en
Wood and Stem Anatomy of Sarcobatus (Caryophyllales): Systematic and Ecological Implications,Taxon,2000,2000-02,"Carlquist, S.",,,49,,27-34,article-journal,0040-0262,1996-8175,,,10.2307/1223929,,en
SEM Studies on Vessels of the Homophyllous Species of Selaginella,International Journal of Plant Sciences,2000,2000-11,"Carlquist, S.; Schneider, Edward L.",,,161,6,967-974,article-journal,1058-5893,1537-5315,,,10.1086/317557,www.jstor.org/stable/10.1086/317557,en
"Observations on the Vegetative Anatomy of Austrobaileya: Habital, Organographic and Phylogenetic Conclusions",Botanical Journal of the Linnean Society,2001,2001,"Carlquist, S.",,,135,1,1-11,article-journal,0024-4074,1095-8339,,,10.1006/bojl.2000.0417,https://www.sciencedirect.com/science/article/pii/S0024407400904170,en
SEM Studies of Vessels of Saururaceae,IAWA Journal,2001,2001,"Carlquist, S.; Schneider, Edward L.",,,22,,183-192,article-journal,0928-1541,2294-1932,,,,,en
"Stem and Root Anatomical Correlations With Life-Form Diversity, Ecology, and Systematics in Moringa (Moringaceae)",Botanical Journal of the Linnean Society,2001,2001,"Carlquist, S.; Olson, Mark",,,135,,315-348,article-journal,0024-4074,1095-8339,,,10.1111/j.1095-8339.2001.tb00786.x,,en
Vegetative Anatomy of the New Caledonian Endemic Amborella Trichopoda: New Data: Relationships with the Illiciales and Implications for Vessel Origin and Definition,Pacific Science,2001,2001,"Carlquist, S.; Schneider, Edward L.",,,55,,305-312,article-journal,0030-8870,1534-6188,,,10.1353/psc.2001.0020,,en
Wood Anatomy of Corynocarpaceae is Consistent with Cucurbitalean Placement,Systematic Botany,2001,2001,"Carlquist, S.; Miller, Regis B.",,,26,1,54-65,article-journal,0363-6445,1548-2324,,,,www.jstor.org/stable/10.2307/2666654,en
"Wood Anatomy of Fouquieriaceae in Relation to Habit, Ecology, and Systematics; Nature of Meristems in Wood and Bark",Aliso,2001,2000,"Carlquist, S.",,,19,,137-163,article-journal,0065-6275,2327-2929,,,,,en
Wood Anatomy of the Endemic Woody Asteraceae of St Helena I: Phyletic and Ecological Aspects,Botanical Journal of the Linnean Society,2001,2001,"Carlquist, S.",,,137,2,197-210,article-journal,0024-4074,1095-8339,,,10.1006/bojl.2001.0483,https://www.sciencedirect.com/science/article/pii/S0024407401904838,en
Wood and Stem Anatomy of Rhabdodendraceae is Consistent with Placement in Caryophyllales,IAWA Journal,2001,2001,"Carlquist, S.",,,22,,171-181,article-journal,0928-1541,2294-1932,,,10.1163/22941932-90000276,,en
The Tracheid-Vessel Element Transition in Angiosperms Involves Multiple Independent Features: Cladistic Consequences,American Journal of Botany,2002,2002,"Carlquist, S.; Schneider, Edward L.",,,89,,185-195,article-journal,0067-1924,1444-9862,,,10.3732/ajb.89.2.185,,en
Vessels of Illicium (Illiciaceae): Range of Pit Membrane Remnant Presence in Perforations and Other Vessel Details,International Journal of Plant Sciences,2002,2002-09,"Carlquist, S.",,,163,5,755-763,article-journal,1058-5893,1537-5315,,,10.1086/342080,www.jstor.org/stable/10.1086/342080,en
Wood Anatomy and Successive Cambia in Simmondsia (Simmondsiaceae): Evidence for Inclusion in Caryophyllales S. L.,Madroño,2002,2002-07,"Carlquist, S.",,,49,3,158-164,article-journal,0024-9637,1943-6297,,,,www.jstor.org/stable/10.2307/41425461,en
"Wood and Bark Anatomy of Myricaceae: Relationships, Generic Definitions, and Ecological Interpretations",Aliso,2002,2002,"Carlquist, S.",,,21,,7-29,article-journal,0065-6275,2327-2929,,,,,en
"Wood and Bark Anatomy of Salvadoraceae: Ecology, Relationships, Histology of Interxylary Phloem",Journal of the Torrey Botanical Society,2002,2002-01,"Carlquist, S.",,,129,1,10-20,article-journal,1095-5674,1940-0616,,,10.2307/3088678,www.jstor.org/stable/10.2307/3088678,en
"Perforation Plate Diversity in Illicium floridanum with Respect to Organs, Provenance, and Microtechnical Methods",Sida,2003,2003-07,"Carlquist, S.; Schneider, Edward L.",,,20,3,1047-1057,article-journal,0036-1488,2334-3273,,,,www.jstor.org/stable/10.2307/41968146,en
Unusual Pit Membrane Remnants in Perforation Plates of Cyrillaceae,Journal of the Torrey Botanical Society,2003,2003-10,"Carlquist, S.; Schneider, Edward L.",,,130,4,225-230,article-journal,1095-5674,1940-0616,,,10.2307/3557540,www.jstor.org/stable/10.2307/3557540,en
Wood Anatomy of Aextoxicaceae and Berberidopsidaceae is Compatible with their Inclusion in Berberidopsidales,Systematic Botany,2003,2003-04,"Carlquist, S.",,,28,2,317-325,article-journal,0363-6445,1548-2324,,,,www.jstor.org/stable/10.2307/3094000,en
Wood Anatomy of Hawaiian and New Guinean Species of Tetramolopium (Asteraceae): Ecological and Systematic Aspects,Pacific Science,2003,2003,"Carlquist, S.; Lowrey, Timothy K.",,,57,,171-179,article-journal,0030-8870,1534-6188,,,10.1353/psc.2003.0012,,en
Wood Anatomy of Polygonaceae: Familial Relationships; Analysis of a Family with Exceptional Wood Diversity,Botanical Journal of the Linnean Society,2003,2003-01,"Carlquist, S.",,,141,,25-51,article-journal,0024-4074,1095-8339,,,10.1046/j.1095-8339.2003.00100.x,,en
"Wood and Stem Anatomy of Woody Amaranthaceae S.S.: Ecology, Systematics, and the Problem of Defining Rays in Dicotyledons",Botanical Journal of the Linnean Society,2003,2003,"Carlquist, S.",,,143,,1-19,article-journal,0024-4074,1095-8339,,,10.1046/j.1095-8339.2003.00197.x,,en
Tarweeds and Silverswords: Evolution of the Madiinae (Asteraceae),,2003,2003,"Carlquist, S.; Baldwin, Bruce G.; Carr, Gerald D.",,Missouri Botanical Garden Press,,,294,book,,,9781930723207,,,,en
"Lateral Meristems, Successive Cambia and Their Products: A Reinterpretation Based on Roots and Stems of Nyctaginaceae",Botanical Journal of the Linnean Society,2004,2004,"Carlquist, S.",,,146,,129-143,article-journal,0024-4074,1095-8339,,,10.1111/j.1095-8339.2004.00324.x,,en
Perforation Plate Pit Membrane Remnants and Other Vessel Details of Clethraceae: Primitive Features of Wood in Ericales,International Journal of Plant Sciences,2004,2004-05,"Carlquist, S.; Schneider, Edward L.",,,165,3,369-375,article-journal,1058-5893,1537-5315,,,10.1086/382809,www.jstor.org/stable/10.1086/382809,en
Perforation Plate Pit Membrane Remnants in Vessels of Sarraceniaceae: Possible Indicators of Relationship and Ecology,Journal of the Torrey Botanical Society,2004,2004-01,"Carlquist, S.; Schneider, Edward L.",,,131,1,1-7,article-journal,1095-5674,1940-0616,,,10.2307/4126922,www.jstor.org/stable/10.2307/4126922,en
Pit Membrane Remnants in Perforation Plates and Other Vessel Details of Cornales,Brittonia,2004,2004-07,"Carlquist, S.; Schneider, Edward L.",,,56,3,275-283,article-journal,0007-196X,1938-436X,,,10.1663/0007-196x(2004)056[0275:pmripp]2.0.co;2,www.jstor.org/stable/10.2307/3218344,en
"Pit Membrane Remnants in Perforation Plates of Hydrangeales; Comments on Pit Membrane Remnant Occurrence, Physiological Significance, and Phylogenetic Distribution in Dicotyledons",Botanical Journal of the Linnean Society,2004,2004-09,"Carlquist, S.; Schneider, Edward L.",,,146,,41-51,article-journal,0024-4074,1095-8339,,,10.1111/j.1095-8339.2004.00305.x,,en
Vestigial Pit Membrane Remnants in Perforation Plates and Helical Thickenings in Vessels of Ericaceae,Nordic Journal of Botany,2004,2003-07,"Carlquist, S.; Schneider, Edward L.",,,23,,353-363,article-journal,,1756-1051,,,10.1663/0007-196x(2004)056[0275:pmripp]2.0.co;2,,en
Origin and Nature of Vessels in Monocotyledons. 6 Hanguana (Hanguanaceae),Pacific Science,2005,2005,"Carlquist, S.; Schneider, Edward L.",,,59,,393-398,article-journal,0030-8870,1534-6188,,,10.1353/psc.2005.0040,,en
Origin and Nature of Vessels in Monocotyledons. 7. Philydraceae and Haemodoraceae,Journal of the Torrey Botanical Society,2005,2005-07,"Carlquist, S.",,,132,3,377-383,article-journal,1095-5674,1940-0616,,,10.3159/1095-5674(2005)132[377:oanovi]2.0.co;2,www.jstor.org/stable/10.2307/20063778,en
"Wood Anatomy of Gentianaceae, Tribe Helieae, in Relation to Ecology, Habit, Systematics, and Sample Diameter",Brittonia,2005,2005-07,"Carlquist, S.; Grant, Jason R.",,,57,3,278-291,article-journal,0007-196X,1938-436X,,,10.1663/0007-196x(2005)057[0276:waogth]2.0.co;2,www.jstor.org/stable/10.2307/4098985,en
"Wood Anatomy of Krameriaceae with Comparisons with Zygophyllaceae: Phylesis, Ecology and Systematics",Botanical Journal of the Linnean Society,2005,2005-11,"Carlquist, S.",,,149,,257-27,article-journal,0024-4074,1095-8339,,,10.1111/j.1095-8339.2005.00451.x,,en
Wood and Bark Anatomy of Muntingiaceae: A Phylogenetic Comparison within Malvales S. 1.,Brittonia,2005,2005-01,"Carlquist, S.",,,57,1,59-67,article-journal,0007-196X,1938-436X,,,10.1663/0007-196x(2005)057[0059:wabaom]2.0.co;2,www.jstor.org/stable/10.2307/4099039,en
Asteropeia and Physena (Caryophyllales): A Case Study in Comparative Wood Anatomy,Brittonia,2006,2006-10,"Carlquist, S.",,,58,4,301-313,article-journal,0007-196X,1938-436X,,,10.1663/0007-196x(2006)58[301:aapcac]2.0.co;2,www.jstor.org/stable/10.2307/4497327,en
Origins and Nature of Vessels in Monocotyledons. 8. Orchidaceae,American Journal of Botany,2006,2006,"Carlquist, S.; Schneider, Edward L.",,,93,,963-971,article-journal,0067-1924,1444-9862,,,10.3732/ajb.93.7.963,,en
"Bordered Pits in Ray Cells and Axial Parenchyma: The Histology of Conduction, Storage, and Strength in Living Wood Cells",Botanical Journal of the Linnean Society,2007,2007-02,"Carlquist, S.",,,153,2,157-168,article-journal,0024-4074,1095-8339,,,10.1111/j.1095-8339.2006.00608.x,,en
"Logistic Regression in Comparative Wood Anatomy: Tracheid Types, Wood Anatomical Terminology, and New Inferences from the Carlquist and Hoekman Southern Californian Data Set",Botanical Journal of the Linnean Society,2007,2007,"Carlquist, S.; Julieta A. Rosell, Mark E. Olson,; Aguire-Hernandez, Rebeca",,,154,,331-351,article-journal,0024-4074,1095-8339,,,10.1111/j.1095-8339.2007.00667.x,,en
Origin and Nature of Vessels in Monocotyledons. 9 Sansevieria,South African Journal of Botany,2007,2007-04,"Carlquist, S.; Schneider, Edward L.",,,73,,196-203,article-journal,0254-6299,1727-9321,,,10.1016/j.sajb.2006.11.002,,en
Scanning Electron Microscope Studies of Cycad Tracheids,South African Journal of Botany,2007,2007,"Carlquist, S.; Schneider, Edward L.",,,73,,512-517,article-journal,0254-6299,1727-9321,,,10.1016/j.sajb.2007.04.060,,en
Successive Cambia in Aizoaceae: Products and Process,Botanical Journal of the Linnean Society,2007,2007-02,"Carlquist, S.",,,153,,141-155,article-journal,0024-4074,1095-8339,,,10.1111/j.1095-8339.2007.00593.x,,en
"Successive Cambia Revisited: Ontogeny, Histology, Diversity, and Functional Significance",Journal of the Torrey Botanical Society,2007,2007-04,"Carlquist, S.",,,134,2,301-332,article-journal,1095-5674,1940-0616,,,10.3159/1095-5674(2007)134[301:scrohd]2.0.co;2,www.jstor.org/stable/10.2307/20063919,en
"Tracheary Elements in Ferns: New Techniques, Observations, and Concepts",American Fern Journal,2007,2007-10,"Carlquist, S.; Schneider, Edward L.",,,97,4,25-37,article-journal,0002-8444,1938-422X,,,10.1640/0002-8444(2007)97[199:teifnt]2.0.co;2,www.jstor.org/stable/10.2307/27564214,en
Wood Anatomy of Crossosomatales: Patterns of Wood Evolution with Relation to Phylogeny and Ecology,Aliso,2007,2007,"Carlquist, S.",,,24,,1-18,article-journal,0065-6275,2327-2929,,,10.5642/aliso.20072401.02,,en
Origins and Nature of Vessels in Monocotyledons. 10. Boryaceae: Xeromorphic Xylem Structure an a Resurrection Plant,Journal of The Royal Society of Western Australia,2008,2008,"Carlquist, S.; Schneider, Edward L.; Kenneally, Kevin",,,91,,13-20,article-journal,0035-922X,,,,,,en
Darwin on Island Plants,Botanical Journal of the Linnean Society,2009,2009-09,"Carlquist, S.",,,161,1,20-25,article-journal,0024-4074,1095-8339,,,,,en
Distinctive Tracheid Microstructure in Stems of Victoria and Euryale (Nymphaeaceae),Botanical Journal of the Linnean Society,2009,2009-01,"Carlquist, S.; Schneider, Edward L.",,,159,1,52-57,article-journal,0024-4074,1095-8339,,,10.1111/j.1095-8339.2008.00941.x,,en
"Do Tracheid Microstructure and the Presence of Minute Crystals Link Nymphaeaceae, Cabombaceae and Hydatellaceae?",Botanical Journal of the Linnean Society,2009,2009-04,"Carlquist, S.; Schneider, Edward L.",,,159,4,572-582,article-journal,0024-4074,1095-8339,,,10.1111/j.1095-8339.2009.00960.x,,en
Microstructure of Tracheids of Nymphaea,International Journal of Plant Sciences,2009,2009-05,"Carlquist, S.; Schneider, Edward L.; Hellquist, C. Barre",,,170,4,457-466,article-journal,1058-5893,1537-5315,,,10.1086/597783,www.jstor.org/stable/10.1086/597783,en
"Non-Random Vessel Distribution in Woods: Patterns, Modes, Diversity, Correlations",Aliso,2009,2009,"Carlquist, S.",,,27,1,39-58,article-journal,0065-6275,2327-2929,,,10.5642/aliso.20092701.04,,en
Xylem Heterochrony: An Unappreciated Key to Angiosperm Origin and Diversification,Botanical Journal of the Linnean Society,2009,2009,"Carlquist, S.",,,161,,26-65,article-journal,0024-4074,1095-8339,,,10.1111/j.1095-8339.2009.00991.x,,en
Xylem of Early Angiosperms: Novel Microstructure in Stem Tracheids of Barclaya (Nymphaeaceae),Aquatic Botany,2009,2009-08,"Carlquist, S.",,,91,2,61-66,article-journal,0304-3770,1879-1522,,,10.1016/j.aquabot.2009.02.004,,en
Xylem of Early Angiosperms: Nuphar (Nymphaeaceae) has Novel Tracheid Microstructure,American Journal of Botany,2009,2009-01,"Carlquist, S.; Schneider, Edward L.; Hellquist, C. Barre",,,96,1,207-215,article-journal,0067-1924,1444-9862,,,10.3732/ajb.0800348,,en
Caryophyllales: A Key Group for Understanding Wood Anatomy Character States and Their Evolution,Botanical Journal of the Linnean Society,2010,2010,"Carlquist, S.",,,164,,342-393,article-journal,0024-4074,1095-8339,,,10.1111/j.1095-8339.2010.01095.x,,en
"Origins and Nature of Vessels in Monocotyledons. 11. Primary Xylem Microstructure, with Examples from Zingiberales",International Journal of Plant Sciences,2010,2010-03,"Carlquist, S.; Schneider, Edward L.",,,171,3,258-266,article-journal,1058-5893,1537-5315,,,10.1086/650160,www.jstor.org/stable/10.1086/650160,en
Origins and Nature of Vessels in Monocotyledons. 12. Pit Membrane Microstructure Diversity in Tracheary Elements of Astelia,Pacific Science,2010,2010-10,"Carlquist, S.; Schneider, Edward L.",,,64,,607-618,article-journal,0030-8870,1534-6188,,,10.2984/64.4.607,,en
Equisetum Xylem: SEM Studies and their Implications,American Fern Journal,2011,2011-07,"Carlquist, S.; Schneider, Edward L.",,,101,3,133-141,article-journal,0002-8444,1938-422X,,,10.1640/0002-8444-101.3.133,www.jstor.org/stable/10.2307/41417619,en
Origins and Nature of Vessels in Monocotyledons. 13. Scanning Electron Microscopy Studies of Xylem in Large Grasses,International Journal of Plant Sciences,2011,2011-03,"Carlquist, S.; Schneider, Edward L.",,,172,3,345-351,article-journal,1058-5893,1537-5315,,,10.1086/658155,www.jstor.org/stable/10.1086/658155,en
How Wood Evolves: A New Synthesis,Botany,2012,2012-10,"Carlquist, S.",,,90,10,901-940,article-journal,,,,,10.1139/b2012-048,,en
"Monocot Xylem Revisited: New Information, New Paradigms",Botanical Review,2012,2012-06,"Carlquist, S.",,,78,2,87-153,article-journal,0006-8101,1874-9372,,,10.1007/s12229-012-9096-1,www.jstor.org/stable/10.2307/23256151,en
SEM Studies on Tracheids of Lycopodiaceae; Observations on Adaptations in Phylloglossum,American Fern Journal,2012,2012-10,"Carlquist, S.; Schneider, Edward L.; Kenneally, Kevin F.",,,102,4,273-282,article-journal,0002-8444,1938-422X,,,10.1640/0002-8444-102.4.273,www.jstor.org/stable/10.2307/41809949,en
"Wood Adaptations in Gnetales in a Functional, Ecological, and Evolutionary Context",Aliso,2012,2012,"Carlquist, S.",,,30,1,33-47,article-journal,0065-6275,2327-2929,,,10.5642/aliso.20123001.05,https://scholarship.claremont.edu/aliso/vol30/iss1/5,en
"Wood Anatomy of Gnetales in a Functional, Ecological, and Evolutionary Context",Aliso,2012,2012,"Carlquist, S.",,,30,1,33-47,article-journal,0065-6275,2327-2929,,,10.5642/aliso.20123001.05,https://scholarship.claremont.edu/aliso/vol30/iss1/5/,en
Forchhammeria and Stixis (Brassicales): Stem and Wood Anatomical Diversity; Ecological and Phylogenetic Conclusions,Aliso,2013,2013,"Carlquist, S.; Bruce F. Hansen, Hugh H. Iltis, Mark E. Olson,; Geiger, Daniel L.",,,31,2,59-75,article-journal,0065-6275,2327-2929,,,10.5642/aliso.20133102.02,,en
Interxylary Phloem: Diversity and Functions,Brittonia,2013,2013-12,"Carlquist, S.",,,65,4,488-495,article-journal,0007-196X,1938-436X,,,10.1007/s12228-012-9298-1,www.jstor.org/stable/10.2307/24692664,en
"More Woodiness/Less Woodiness: Evolutionary Avenues, Ontogenetic Mechanisms",International Journal of Plant Sciences,2013,2013-09,"Carlquist, S.",,,174,7,964-991,article-journal,1058-5893,1537-5315,,,10.1086/670400,www.jstor.org/stable/10.1086/670400,en
Fibre Dimorphism: Cell Type Diversification as an Evolutionary Strategy in Angiosperm Woods,Botanical Journal of the Linnean Society,2014,2014-01,"Carlquist, S.",,,174,1,44-67,article-journal,0024-4074,1095-8339,,,,,en
Origins and Nature of Vessels in Monocotyledons. 14. Vessellessness in Orontioideae (Araceae): Adaptation or Relictualism?,Nordic Journal of Botany,2014,2014-08,"Carlquist, S.; Schneider, Edward L.",,,,,,article-journal,,1756-1051,,,10.1111/j.1756-1051.2013.00408.x,,en
"Living Cells in Wood. 1 Absence, Scarcity and Histology of Axial Parenchyma as Keys to Function",Botanical Journal of the Linnean Society,2015,2015-03,"Carlquist, S.",,,177,,291-321,article-journal,0024-4074,1095-8339,,,10.1111/boj.12247,,en
Living Cells in Wood. 2 Raylessness: Histology and Evolutionary Significance,Botanical Journal of the Linnean Society,2015,2015-08,"Carlquist, S.",,,178,,529-555,article-journal,0024-4074,1095-8339,,,10.1111/boj.12291,,en
SEM Studies of Two Riparian New-Caledonian Conifers Reveal Air Channels in Stem. Wood: Field Observations. Carlquist and Mare Nazaire,Aliso,2016,2016-11,"Carlquist, S.",,,34,,1-7,article-journal,0065-6275,2327-2929,,,10.5642/aliso.20163401.02,,en
"Wood Anatomy of Brassicales: New Information, New Evolutionary Concepts",Botanical Review,2016,2016-03,"Carlquist, S.",,,82,1,24-90,article-journal,0006-8101,1874-9372,,,10.1007/s12229-016-9161-2,www.jstor.org/stable/10.2307/45212002,en
"Conifer Tracheids Resolve Conflicting Structural Requirements: Data, Hypotheses, Questions",Journal of the Botanical Research Institute of Texas,2017,2017-07-24,"Carlquist, S.",,,11,1,123-141,article-journal,1934-5259,2644-1608,,,10.17348/jbrit.v11.i1.1144,www.jstor.org/stable/10.2307/26549453,en
Distinctive Wood Anatomy of the Root-Parasitic Family Lennoaceae (Boraginales),IAWA Journal,2017,2017-02-13,"Carlquist, S.; Guilliams, C. Matt",,,38,1,3-12,article-journal,0928-1541,2294-1932,,,10.1163/22941932-20170153,,en
What the Penaeaceae Alliance (Myrtales) Tells us About the Nature of Vestured Pits in Xylem,Brittonia,2017,2017-09,"Carlquist, S.",,,69,3,276-294,article-journal,0007-196X,1938-436X,,,10.1007/s12228-017-9477-1,www.jstor.org/stable/10.2307/45173891,en
"""Primitive"" Wood Characters are Adaptive: Examples from Paracryphiaceae",Aliso,2018,2018,"Carlquist, S.",,,36,,1-20,article-journal,0065-6275,2327-2929,,,10.5642/aliso.20183601.02,https://scholarship.claremont.edu/cgi/viewcontent.cgi?article=1921&context=aliso,en
Living Cells in Wood. 3 Overview; Functional Anatomy of the Parenchyma Network,Botanical Review,2018,2018-09,"Carlquist, S.",,,84,3,242-294,article-journal,0006-8101,1874-9372,,,10.1007/s12229-018-9198-5,www.jstor.org/stable/10.2307/45212053,en
"Vestured Pits in Wood of Onagraceae: Correlations with Ecology, Habit, and Phylogeny",Annals of the Missouri Botanical Garden,2018,2018-11,"Carlquist, S.; Raven, Peter H.",,,103,3,443-461,article-journal,0026-6493,2162-4372,,,10.3417/d1700001,www.jstor.org/stable/10.2307/26573084,en
Wood Anatomy of Atherospermataceae and Allies: Strategies of Wood Evolution in Basal Angiosperms,Allertonia,2018,2018-12,"Carlquist, S.",,,17,,1-52,article-journal,0735-8032,2328-1995,,,,www.jstor.org/stable/10.2307/45013009,en
